Name,Location,Open Year-Round,Handicap Accessible,Borough
100% Playground,"Glenwood Road, East 100 & East 101 streets",Yes,No,Brooklyn
174th Street Playground,"East 174 Street, Stratford Avenue, Bronx River Avenue",Yes,No,Bronx
227 Street Playground,Bronx Boulevard between East 226 and East 228 streets,Yes,Yes,Bronx
Abe Lincoln,"East 135 Street, between Madison & 5 avenues",Yes,No,Manhattan
Abigail Playground,"East 156 Street, Tinton Avenue",No,No,Bronx
Agnes Haywood Playground,"East 215 Street, Barnes Avenue, East 216 Street",Yes,No,Bronx
Albemarle Park,Albermarle Road & Dahill Road,Yes,Yes,Brooklyn
Albert J. Parham Playground,"Adelphi Street, Clermont, DeKalb & Willoughby avenues",Yes,Yes,Brooklyn
Alexander Hamilton Playground,Hamilton Place, West 140 to West 141 streets, New York, NY,Yes,No,Manhattan
Alfred E. Smith Park,"76 Catherine St, New York, NY 10038",Yes,No,Manhattan
Alice Kornegay Triangle,"Lexington Avenue, East 128 & East 129 streets",Yes,No,Manhattan
Allerton Playground,"Anrow Avenue, Bouck Avenue, Throop Avenue, Streetedman Place, Allerton Avenue",Yes,No,Bronx
Alley Park (PS 213),67 Avenue & 230 Street,Yes,No,Queens
Alley Pond Park,"Entrance off Grand Central Parkway, includes athletic fields and picnic areas",Yes,No,Queens
Alley Pond Park (Alley Athletic Field),"Grand Central Parkway, Winchester Boulevard, &Union Turnpike",Yes,No,Queens
Alley Pond Park (Alley Pond Spring),"Springfield Boulevard, 73rd Avenue, 76th Avenue to tree line & natural area",Yes,No,Queens
Alley Pond Park (Horatio Playground),Horatio Parkway and 50 Avenue,Yes,No,Queens
Alstyne Playground,Alystine Avenue & 102 Street,Yes,No,Queens
American Playground,"Noble, Franklin Milton Streets",Yes,Yes,Brooklyn
Ampere Playground (PS 64),101 Avenue & 82 Street,Yes,No,Queens
Andrews Playground,"49 Avenue, Vernon Boulevard, 5 Street",No,No,Queens
Annandale Playground (PS 175),"Yellowstone Boulevard, 65 Road, 65 Avenue",Yes,Yes,Queens
Annunciation Park,"Convent and Amsterdam Av, W 135 St",No,Yes,Manhattan
Arcilla Playground,"Teller Avenue, Park Avenue, Clay Avenue, East 64 Street",Yes,Yes,Bronx
Arrochar Playground,"Sand Lane, Major Avenue, McFarland Avenue",Yes,Yes,Staten Island
Arrow Community Garden,"35th Street, between 35th and 36th Avenue",Yes,No,Queens
Asser Levy,Asser Levy Place & East 24-25 streets,Yes,No,Manhattan
Asser Levy Park,"Boardwalk, Surf, Sea Breeze avenues, Ocean Parkway",Yes,No,Brooklyn
Asser Levy Park (Performance Space),"Boardwalk, Surf, Sea Breeze avenues, Ocean Parkway",Yes,No,Brooklyn
Astoria Heights Playground,"30 Road, 45 to 46 streets",Yes,No,Queens
Astoria Park (Charybdis Playground),Shore Boulevard opposite 23 Road,Yes,No,Queens
Athens Sq (PS 17),"29 Street, 30 Street, 30 Avenue, Newtown Avenue",Yes,Yes,Queens
Aubondale Playground,"170-171 streets, 33-35 avenues",Yes,No,Queens
Audubon Playground,West 170 Street & Audubon Avenue,Yes,No,Manhattan
Augustus St. Gaudens,"East 19 to East 20 streets, 2 Avenue",Yes,No,Manhattan
Bailey Playground,"Bailey Avenue, Weast 233-West 238 streets",Yes,No,Bronx
Baisley Pond Park,"Rockaway Boulevard, 125th Avenue, & Baisley Boulevard South",Yes,No,Queens
Baisley Pond Park,"150th Street, Rockaway Boulevard, Baisley Boulevard South, & North Conduit Avenue",Yes,No,Queens
Baisley Pond Park (157th Street Playground),157 Street & 116 Avenue,Yes,No,Queens
Bartlett Playground,Bartlett Street & Throop Avenue,Yes,No,Brooklyn
Battery Park (Battery Gardens),"Battery Place, State & Whitehall streets",Yes,No,Manhattan
Battery Park Comfort Station,"Battery Place, State & Whitehall streets",Yes,No,Manhattan
Bay Terrace Playground (PS 169),23 Avenue & 212 Street,Yes,No,Queens
Bayside Fields,"204 Street & 29 Avenue, Clearview Expressway",Yes,Yes,Queens
Bayside Playground (JHS 180),Beach Channel Drive & Seaside Avenue,No,No,Queens
Bayview Playground,Seaview Avenue & East 99 Street,Yes,No,Brooklyn
Bedford Playground,"Bedford Avenue & South 9 Street, Division Avenue",Yes,No,Brooklyn
Behagen Playground,"Tinton Avenue, East 165 Street, Union Avenue, East 166 Street",Yes,Yes,Bronx
Bellaire Playground,"89 Avenue, 207 & 208 streets",Yes,No,Queens
Belmont Playground,"Crotona Avenue, East 181 Street",Yes,Yes,Bronx
Bendheim Playground,100th Street and Fifth Ave,No,Yes,Manhattan
Bennett Park,"West 185 Street, Ft Washington Avenue",Yes,No,Manhattan
Benson Playground,Bath Avenue between Bay 22 & Bay 23 streets,Yes,No,Brooklyn
Bensonhurst Park,"Gravesend Bay, 21 & Cropsey avenues, Bay Parkway",Yes,No,Brooklyn
Betsy Head Playground,"Livonia, Dumont, Hopkinson, Blake avenues, Strauss Street",Yes,No,Brooklyn
Betsy Head Playground (Administration Building),"Livonia, Dumont, Hopkinson, Blake avenues, Strauss Street",Yes,No,Brooklyn
Big Bush Park,"61 Street, north and south of Brooklyn-Queens Expressway",Yes,No,Queens
Bildersee Playground,Flatlands Avenue between East 81 & East 82 streets,Yes,No,Brooklyn
Bill Brown Memorial Playground,"Bedford Avenue, Avenue X to Avenue Y, E 24 Street",Yes,No,Brooklyn
Bleecker Playground, Hudson St & W 11th St, New York, NY 10014,Yes,No,Manhattan
Blood Root Valley (Greenbelt Nature Center),"Rockland, Manor and Brielle avenues, Forest Hill Road",Yes,Yes,Staten Island
Blood Root Valley (Park House),"Rockland, Manor and Brielle avenues, Forest Hill Road",Yes,Yes,Staten Island
Bloomingdale Park,"Richmond Pkwy, Bloomingdale Rd., Lenevar Ave",No,Yes,Staten Island
Bloomingdale Playground,"Amsterdam Avenue, West 104 & West 105 streets",Yes,No,Manhattan
Blue Heron Park Preserve (Nature Center),Poillon Avenue,Yes,Yes,Staten Island
Bowne Park,"159 Street, 29 Avenue, 155 Street, 32 Avenue",Yes,No,Queens
Bowne Playground,Union Street and Sanford Avenue,Yes,No,Queens
Breininger Park,Braddock Avenue & 240 Street,Yes,No,Queens
Breukelen Playground,Louisiana & Flatlands Avenue,Yes,No,Brooklyn
Brevoort Playground,Ralph Avenue & Chauncy Street,Yes,No,Brooklyn
Bridge Park 2,Bridge & Prospect streets,Yes,No,Brooklyn
Broadway Malls,"Broadway, Columbus Circle to West 110 Street",Yes,No,Manhattan
Bronx Park (Ben Abrams Playground),Lydig Avenue & Bronx Park East,Yes,No,Bronx
Bronx Park (Brady Playground),Bronx Park East between Bronxdale Avenue and Unionport Road,Yes,No,Bronx
Bronx Park (French Charley's Playground),East 204 Street & W/S Bronx Park,Yes,No,Bronx
Bronx Park (Olinville Playground),East 219 Street & Bronx River Parkway,Yes,No,Bronx
Bronx Park (Ranaqua),"Southern Boulevard, Webster, Burke avenues, Bronx Park East, 180 Street",Yes,No,Bronx
Bronx Park (River Park Playground),"East 180th Street, Boston Road",Yes,Yes,Bronx
Bronx Park (Rosewood Playground),Bronx River Parkway & Rosewood Street,Yes,No,Bronx
Bronx Park (Waring Playground),Bronx Park East between Waring Avenure and Thwaites Place,Yes,No,Bronx
Bronx River Parkway (Parque de los Ninos),"Bronx River Parkway, Bronx Park, Westchester/NYC City Line.",Yes,Yes,Bronx
Brookville Park,"Conduit Avenue, Brookville Boulevard, 144th Avenue, 233rd Street",Yes,No,Queens
Brower Park,"Brooklyn, St. Mark's, Kingston avenues, Park Place",Yes,No,Brooklyn
Brower Park (Museum),"Brooklyn, St. Mark's, Kingston avenues, Park Place",Yes,No,Brooklyn
Brownsville Playground,Linden Boulevard & Hegeman Avenue,Yes,No,Brooklyn
Bufano Playground,"La Salle Avenue, Edison Avenue, Bradford Avenue, Waterbury Avenue",Yes,No,Bronx
Bushwick Playground & Pool,"Flushing Avenue, Bushwick Avenue & Humboldt Street",No,No,Brooklyn
Bushwick Playground & Pool,Flushing & Bushwick Avenue between Garden & Beaver,Yes,No,Brooklyn
Cabbell Park/Cambria Playground,121 Avenue & 220 Street,Yes,No,Queens
Cadman Plaza & Brooklyn War Memorial,"Tillary, Cadman Plaza West, Cadman Plaza East, Prospect streets",Yes,No,Brooklyn
Cadman Plaza & Brooklyn War Memorial,"Tillary, Cadman Plaza West, Cadman Plaza East, Prospect streets",Yes,No,Brooklyn
Campiz Playground,Hope Street & Metropolitan Avenue,Yes,No,Brooklyn
Canarsie Park,"Paerdegat Avenue, Seaview Avenue, East 93rd Street, Skidmore Avenue",Yes,No,Brooklyn
Capt. Rivera Playground,"East 156 Street, Forest Avenue",Yes,Yes,Bronx
Capt. Tilly Park,"Highland Avenue, Upland Parkway, Gothic Parkway, 85 Avenue",Yes,No,Queens
Captain Mario Fajardo Park,Kissena Boulevard & Booth Memorial Avenue,Yes,No,Queens
Carl Schurz Park,East 84 Street & East End Avenue,Yes,Yes,Manhattan
Carl Schurz Promenade,"Stone Wall to East River, East 84 to East 90 streets",Yes,No,Manhattan
Carmansville Playground,"Amsterdam Avenue, West 151 to West 152 streets",Yes,No,Manhattan
Carroll Park,Court & Smith Streets,Yes,Yes,Brooklyn
Carver Playground,Ralph Avenue & Sumpter Street,No,No,Brooklyn
Caserta Playground,"St. Raymond Avenue, Puroy Street",Yes,No,Bronx
Castle Hill Playground,"Parker Street, Castle Hill Avenue, Puroy Street",Yes,No,Bronx
Castlewood Playground (PS 186),Little Neck Parkway & 72 Avenue,Yes,No,Queens
Cauldwell Playground,"Caldwell Avenue, East 163 Street, East 161 Street",Yes,No,Bronx
Cavanaugh Triangle (Angelo Campanero Playground),"East Gun Hill Road, Eastchest Road, & O'Neil Place",Yes,Yes,Bronx
Cedar Playground,"West 179 Street, West Burnside Avenue, Major Deegan Expressway, Sedgewick Avenue",Yes,No,Bronx
Central Park (Ancient Playground),85 ST & 5TH AVE,No,Yes,Manhattan
Central Park (Arsenal),5th Avenue from 60th Street to 65th Street,Yes,No,Manhattan
Central Park (Conservatory Garden),"5th Avenue, 103rd Street to 106th Street",Yes,No,Manhattan
Central Park (Dana Discovery Center),110th Street between Fifth Avenue and Malcolm X Boulevard,Yes,Yes,Manhattan
Central Park (Heckscher Playground),"62 ST, BET WEST & CENTER DRS",No,No,Manhattan
Central Park (Kerbs Boathouse),74th Street near Fifth Avenue,Yes,No,Manhattan
Central Park (Lasker),Central Park at 107th Street,Yes,Yes,Manhattan
Central Park (Loeb Boathouse),East Side between 74th and 75th streets,Yes,No,Manhattan
Central Park (North Meadow Recreation Center),Mid-park at 97th Street,Yes,Yes,Manhattan
Central Park (Ramble),Central Park,No,No,Manhattan
"Central Park (Sheep Meadow, Mineral Springs)",Mid-park at 69th Street,No,Yes,Manhattan
Central Park (Tavern on The Green),Central Park,No,No,Manhattan
Central Park (Tennis Courts),93d Street near the West Drive,Yes,No,Manhattan
Central Park (The Great Hill),West Side from 103rd to 107th streets,No,No,Manhattan
Central Park (The Metropolitan Museum of Art),Fifth Avenue at 82nd Street,Yes,No,Manhattan
Central Park (West 61st),"West Drive, Central Park West, & 65th Street Transverse",No,No,Manhattan
Central Park (Wollman Rink),Center Drive to East Drive (including Gapstow Bridge),Yes,Yes,Manhattan
Central Park Delacorte Comfort Station,Mid-Park at 80th Street,Yes,Yes,Manhattan
Century Playground,Brighton Beach Avenue & West 2 Street,Yes,No,Brooklyn
Challenge Playground (PS 187) 251 Street Playground,251 Street & 63 Avenue,No,No,Queens
Chelsea Park,West 27 Street & 9 Avenue,Yes,No,Manhattan
Chelsea Recreation Center,"South of West 25 Street, 9 to 10 avenues",Yes,Yes,Manhattan
Cherry Tree (Washington) Playground,"99 to 100 streets, 3 Avenue",Yes,No,Manhattan
Chester Playground,"Chester Street, Sutter Avenue",Yes,No,Brooklyn
Ciccarone Park Playground,"Arthur Avenue, East 188 Street",Yes,No,Bronx
City Line Park,Atlantic & Fountain avenues,Yes,No,Brooklyn
Claremont Park,Mount Eden Parkway & Morris Avenue,Yes,No,Bronx
Claremont Park Playground,E 170 Street & Teller Avenue,Yes,No,Bronx
Clark Playground,"3 Avenue, East 144 Street, East 146 Street",Yes,Yes,Bronx
Clement Clark Moore Park,Broadway & 83 Street,Yes,No,Queens
Clintonville Playground (JHS 194),"Clintonville Street, 17 Road & 17 Avenue",Yes,No,Queens
Col. Charles Young Playground,West 144 Street & Lenox Avenue,Yes,No,Manhattan
Col. David Marcus Memorial Playground,"Ocean Parkway, Avenue P, East 3 Street",Yes,No,Brooklyn
Coleman Square Playground,Between Cherry & Monroe streets,Yes,No,Manhattan
College Point Park,130th Street & 23rd Avenue,Yes,No,Queens
Colucci Playground,"Hutchinson River Parkway, Wilkinson Avenue, Mayflower Avenue",Yes,No,Bronx
Columbus Park,"Baxter, Mulberry, Bayard & Worth streets",Yes,Yes,Manhattan
Columbus Park,"Adams, Johnson, Fulton, Joralemon streets",Yes,No,Brooklyn
Com. John Barry Park & Playground,South of Flushing Avenue,Yes,No,Brooklyn
Com. John Barry Park & Playground,South of Flushing Avenue,No,No,Brooklyn
Com. John Barry Park & Playground (Athletic Area),South of Flushing Avenue,No,No,Brooklyn
Comm. Eugene S. Sarsfield Playground,"East 38 Street & Ryder Street, Avenue M",Yes,No,Brooklyn
Coney Island,Brighton 2nd,No,Yes,Brooklyn
Coney Island,W 27 ST.,No,Yes,Brooklyn
Coney Island,W 33 St.,No,Yes,Brooklyn
Coney Island Beach,Stillwell Avenue,Yes,Yes,Brooklyn
Coney Island Beach,West 16th Street,No,Yes,Brooklyn
Coney Island Beach,W 22 ST.,No,Yes,Brooklyn
Coney Island Beach,Corbin Place to Coney Island Avenue,Yes,No,Brooklyn
Conference House Park,"Pittsville St,Hylan Blvd.,Surf,Richard Aves",No,Yes,Staten Island
Cooper Park,"Sharon, Olive streets, Maspeth & Morgan avenues",Yes,No,Brooklyn
Corona Golf Playground,109 Street between 46-47 avenues,Yes,No,Queens
Corporal John A. Seravalli Playground,Hudson & Horatio streets,Yes,No,Manhattan
Corporal Thompson Park,"Broadway, Henderson Avenue",No,No,Staten Island
Corporal Thompson Park/West Brighton Pool,"Broadway, Henderson Avenue",No,Yes,Staten Island
Crocheron Park Field House,"34th Avenue, 214th Place, 34th Road, 214th Lane, 35th Avenue, & 216th Street",Yes,No,Queens
Crotona Park (Martin Van Buren Playground),Crotona East & Claremont Parkway,Yes,No,Bronx
Crotona Park (Playground of the Stars),Fulton Avenue & Crotona Park South,Yes,No,Bronx
Crotona Park (Pool House),173rd Street and Fulton Avenue,Yes,Yes,Bronx
Crotona Park Environmental Center,"Crotona Park North, Crotona Park South, Crotona Park East, Fulton Avenue",Yes,No,Bronx
Crowley Playground,57 Avenue & 83 Street,Yes,No,Queens
Cunningham Park,"Union Turnpike, Clearview Expressway, 73rd Avenue, Francis Lewis Boulevard",Yes,No,Queens
Cunningham Park (210th Street Playground),210 Street & 73 Avenue,Yes,No,Queens
Cunningham Park (HQ8),"South of Union Turnpike, between Francis Lewis Boulevard & 193rd Street",Yes,Yes,Queens
Cypress Hills Park,Blake & Euclid avenues,Yes,No,Brooklyn
Daniel M. O'Connell Playground,113 Avenue & 196 Street,Yes,No,Queens
De Witt Clinton Park,"West 52 to West 54 streets, 11 to 12 avenues",Yes,Yes,Manhattan
Dematti Playground,"Tompkins Avenue, Chestnut Avenue",Yes,No,Staten Island
Detective Keith L. Williams Park,"106 Avenue, 173 Street, Liberty Avenue, 172 Street",Yes,No,Queens
Devoe Park,"West Fordham Road, University Avenue, Sedgwick Avenue, Father Zeiser Place",Yes,No,Bronx
Digilio Playground,McDonald Avenue & Avenue F,Yes,No,Brooklyn
Dimattina Playground,Hicks & Rapelye streets,Yes,No,Brooklyn
Ditmars Park Playground,23 Avenue to Ditmars Boulevard,Yes,No,Queens
Double Nickel Playground,Osborne Street and Preston Avenue,Yes,Yes,Staten Island
Downing Street Playground,"Downing to Carmine streets, Avenue of the Americas",Yes,No,Manhattan
Dr. Charles R. Drew Memorial Park,"Van Wyck Expressway, 116 Avenue, 140 Street, 115 Avenue",Yes,No,Queens
Dr. Martin Luther King Jr. Park,"Dumont, Blake, Miller avenues",Yes,No,Brooklyn
Dr. Richard Greene Playground,Mother Gaston Boulevard (Stone Avenue) & Sutter avenues,Yes,No,Brooklyn
Drew Playground,"Fulton Avenue, East 169 Street",Yes,No,Bronx
Dry Dock Playground,"East 10 Street & Szold Place, Avenue D",No,No,Manhattan
Dugan Playground,Mill Road & Tysens Lane,Yes,No,Staten Island
Dutch Kills Playground (PS 112),"Crescent-28 streets, 36 Avenue, 37 Avenue",Yes,No,Queens
Dyckman House Museum,Broadway & West 204 Street,Yes,No,Manhattan
Dyker Beach Park,"Shore Parkway, 86 Street, 7 to 14 avenues",Yes,No,Brooklyn
East Elmhurst Playground (PS 127),25 Avenue & 98 Street,Yes,Yes,Queens
East River Park (10th Street),Northern extreme of park,Yes,No,Manhattan
East River Park (Tennis Courts),East River Park at Broome Street,Yes,No,Manhattan
East River Park (Track Building),East 6 Street & FDR Drive,Yes,No,Manhattan
East River Playground,"FDR Drive, East 106 to East 107 streets",Yes,No,Manhattan
East Springfield Playground,115 Road between 218 & 219 streets,Yes,No,Queens
Eastchester Playground,"Adee Avenue, Tenbroeck Avenue",Yes,No,Bronx
Edenwald Playground,"East 226 Drive, Schieffelin Avenue",Yes,No,Bronx
Ederle Comfort Station,Flushing Meadows Corona Park,No,Yes,Queens
Edmonds Playground,"DeKalb Avenue, Adelphi Street",Yes,No,Brooklyn
Electric Playground,"164 Street, south of 65 Avenue",Yes,No,Queens
Emerald Playground (PS 200),164 Street between Jewel & 71 avenues,Yes,No,Queens
Equity Park,"90 Street, 88 & 89 avenues",Yes,No,Queens
Ethan Allen Playground,New Jersey Avenue & Vermont Street/Worthman,Yes,No,Brooklyn
Farm Playground,"73 Avenue, 195 Street & 196 Place",Yes,No,Queens
Fermi Playground,Troutman Street & Central Avenue,Yes,No,Brooklyn
Fisher Pool,"32 Avenue, 99 Street",No,No,Queens
Flushing Fields (Leonardo Ingravallo Playground),"Bayside Avenue, 25 Avenue, 149 to 150 streets",Yes,No,Queens
Flushing Meadows Corona Park (Albert H. Mauro Playground),Park Drive East & 73 Terrace,Yes,No,Queens
Flushing Meadows Corona Park (Lawrence Playground),College Point Boulevard and Lawrence Street,Yes,No,Queens
Flushing Meadows Corona Park (Meadow Lake North),Long Island Expressway to Meadow Lake to Van Wyck Expressway Extension to Grand Central Parkway,Yes,No,Queens
Flushing Meadows Corona Park (Passerelle),"Unisphere Fountain to pool, at Meridian Road",Yes,Yes,Queens
Flushing Meadows Corona Park (Playground for All Children),111 Street and Corona Avenue,Yes,Yes,Queens
Flushing Meadows Corona Park (Worlds Fair Playground),"Grand Central Parkway, Van Wyck Expressway",Yes,No,Queens
"Flushing Meadows Corona Park (Zoo, Ballfields)",Grand Central Parkway to 111th Street to Heckscher Children Farm to Playground for All Children,Yes,Yes,Queens
Flynn Playground,"3 Avenue, East 158 Street, Brook Avenue, East 157 Street",Yes,No,Bronx
Forest Park (Dry Harbour Playground),80 Street & Myrtle Avenue,Yes,No,Queens
Forest Park (Jackson Pond Playground),108 Street and Park Lane South,Yes,No,Queens
Forest Park (Seuffert Bandshell),West Main Drive to eastern side of golf course,No,No,Queens
"Forest Park (Sobelsohn Playground, The Overlook)",Park Lane South and Abingdon Road,Yes,No,Queens
Forest Park (Tennis Courts -Forest Parkway),Park Lane South to north of tennis courts,Yes,No,Queens
Forest Park (The Overlook),Park Lane (to east and south) to Metropolitan Avenue,Yes,No,Queens
Forest Park (Victory Field),Long Island Railroad to Woodhaven Boulevard. to Myrtle Avenue to 96th Street,Yes,No,Queens
"Forest Park (Visitor Center, near the Carousel)",Woodhaven Boulevard and Forest Park Drive,Yes,No,Queens
Fort Greene Park,South of Myrtle Avenue to Willoughby Avenue,Yes,No,Brooklyn
Fort Greene Playground,Myrtle Avenue & St. Edwards Plaza,Yes,Yes,Brooklyn
Fort Independence Playground,"Stevenson Place, West 238 Street, Sedgwick Avenue",Yes,No,Bronx
Fort Tryon Park (Anne Loftus Playground),Broadway & Dyckman Street,Yes,Yes,Manhattan
Fort Tryon Park (Café),One Margaret Corbin Drive,No,No,Manhattan
Fort Tryon Park (The Cloisters),"Riverside Drive to Broadway, West 192 to Dyckman streets",Yes,No,Manhattan
Fort Washington Park (Lily Brown Playground),"West 162 Street, east of Riverside Drive",Yes,Yes,Manhattan
Fox Playground,"Avenue H, East 54 to E 55 streets",Yes,Yes,Brooklyn
Francis Lewis Playground,3 Avenue and Bronx Whitestone Bridge,Yes,No,Queens
Frank D. O'Connor Playground,Broadway & 78 Street,Yes,No,Queens
Frank Golden Park,"132 to 138 streets, 14 Road",Yes,No,Queens
Franz Sigel Park,"East 153 Street, Gerard Avenue, East 151 Street, Walton Avenue",Yes,Yes,Bronx
Frederick B. Judge Memorial Playground,"111 Avenue, 134 & 135 streets, Lincoln Street",Yes,No,Queens
Frederick Douglass Playground,West 100-101 Street Amsterdam Avenue,Yes,No,Manhattan
Frederick E. Samuel Playground,"Lenox Avenue, West 139 to West 140 streets",Yes,No,Manhattan
Frederick Johnson Park,"7 Avenue, West 150-151 streets",Yes,No,Manhattan
Fresh Meadows Playground (PS 173),67 Avenue & 173 Street,Yes,No,Queens
Friends Field,"Avenue L, East 4 Street, McDonald Avenue, Avenue M",Yes,No,Brooklyn
Fulton Park,"Fulton, Chauncey streets, Stuyvesant, Lewis avenues",Yes,No,Brooklyn
Galapo Playground,"Bedford Avenue, Gravesend Neck Road",Yes,No,Brooklyn
Garibaldi Playground,82 to 83 Street at 18 Avenue,Yes,No,Brooklyn
General Douglas MacArthur Park,East 49 Street & East River Drive,Yes,No,Manhattan
Glenwood Playground,Ralph Avenue & Farragut Road,Yes,Yes,Brooklyn
Gorman Playground,30 Avenue between 84 & 85 streets,Yes,No,Queens
Gouverneur Playground,"3rd Avenue, St. Paul's Place, East 170 Street",Yes,No,Bronx
Gowanus Playground,Wyckoff Street between Bond & Hoyt streets,Yes,No,Brooklyn
Grandview Playground,"Grandview Avenue, Continental Place",Yes,Yes,Staten Island
Gravesend Park,18 Avenue & 56 Street,Yes,No,Brooklyn
Greencroft Playground (PS 53),"Redgrave, Ainsworth & Durant avenues",Yes,No,Staten Island
Greene Playground,Greene & Washington avenues,Yes,No,Brooklyn
Greenwood Playground,"Fort Hamilton Parkway, Greenwood, East 5 Street",Yes,No,Brooklyn
Grove Hill Playground,"East 158 Street, Caldwell Avenue, Eagle Avenue",Yes,No,Bronx
Grover Cleveland Park,"Rene Court, Grandview Avenue, Stanjope Street & Fairview Avenue",Yes,No,Queens
Gun Hill Playground,"Holland Avenue, Magenta Street, Cueger Avenue",Yes,No,Bronx
Gunn Park (PS 18),"Hillside Avenue, east of 235 Court",No,No,Queens
Haffen Park,"Burke Avenue, Hammersley Avenue, Gunther Avenue, Ely Avenue",Yes,No,Bronx
Haffen Park,"Burke Avenue, Hammersley Avenue, Gunther Avenue, Ely Avenue",No,No,Bronx
Haggerty Park,202 Street & Jamaica Avenue,No,Yes,Queens
Hallets Cove Playground,"Hallets Cove, Vernon Boulevard",Yes,No,Queens
Hamilton Fish Park (Recreation Center),Between East Houston & Stanton streets,Yes,Yes,Manhattan
Hamilton-Metz Field,"Albany, East New York, Lefferts avenues",Yes,No,Brooklyn
Hammel Playground,Rockaway Beach Blvd. Bet. Beach 84 St. And Beach 81 St.,No,Yes,Queens
Hansborough Recreation Center,35 West 134 Street,Yes,No,Manhattan
Happy Warrior Playground,West 98 Street & Amsterdam Avenue,Yes,No,Manhattan
Harold Schneiderman Playground (PS 232),155 Avenue & 83 Street,Yes,Yes,Queens
Harris Park,"West 205 Street, Paul Avenue, Bedford Pk B, Goulden Avenue",Yes,No,Bronx
Harry Maze Memorial Park,Avenue D between East 56 & East 57 Street,Yes,No,Brooklyn
Hart Playground,"37 Avenue, west of 69 Street",Yes,No,Queens
Harvey Park,"15 to 20 avenues, East of Whitestone Expressway",Yes,No,Queens
Hattie Carthan Playground,East of Marcy Street,Yes,No,Brooklyn
Havemeyer Playground,"Watson Avenue, Havenuemeyer Avenue, Cross Bronx Expressway",No,No,Bronx
Heckscher Playground,Grove Street to Linden Street,Yes,Yes,Brooklyn
Henry Hudson Park,"Palisade Avenue, Kappock Street & Independence Avenue",Yes,No,Bronx
Herbert Von King Park,"Greene, Marcy, Lafayette, Tompkins avenues",Yes,Yes,Brooklyn
Herman Dolgon Playground,Avenue V & Nostrand Avenue,Yes,No,Brooklyn
Hermon MacNeil Park,East of paved path running north from 119th Street,Yes,No,Queens
High Rock Park,Richmond Parkway & Moravian Cemetery at Rockland Avenue,Yes,No,Staten Island
High Rock Park (Education Building),Richmond Parkway & Moravian Cemetery at Rockland Avenue,Yes,No,Staten Island
High Rock Park (McArthur Park),Richmond Parkway & Moravian Cemetery at Rockland Avenue,Yes,Yes,Staten Island
High Rock Park (Visitor Center),Richmond Parkway & Moravian Cemetery at Rockland Avenue,Yes,No,Staten Island
Highbridge Park (Quisqueya Playground),West 180 Street & Amsterdam Avenue,Yes,No,Manhattan
Highbridge Park (Recreation Center),"West 155 & Dyckman streets, Edgecombe & Amsterdam avenues",Yes,No,Manhattan
Highbridge Park (Wallenberg Playground),West 188 Street & Amsterdam Avenue,Yes,Yes,Manhattan
Highbridge Park-Wallenberg Playground,W 189 St & Amsterdam Ave,No,Yes,Manhattan
Highland Park,Jackie Robinson Parkway to Highland Boulevard,Yes,No,Queens
Hoffman Park,Hoffman Drive west of Queens Boulevard,Yes,No,Queens
Holcombe Rucker,"West 155 Street, 8 Avenue to Harlem River Drive",Yes,No,Manhattan
Hollis Playground (JHS 192),205 Street & Hollis Avenue,No,No,Queens
Holy Cow Playground (PS 179),Peck Avenue & Harding Boulevard,No,No,Queens
Hoover Playground,Manton Street & 83 Avenue,Yes,No,Queens
Horace Harding Playground (PS 206),62 Drive between 97 Place & 98 Street,Yes,No,Queens
Horseshoe Playground,"Hall Place, Rogers Place, East 165 Street",Yes,No,Bronx
Howard Bennett Playground,"West 135 to West 136 streets, Lenox to 5 avenues",Yes,No,Manhattan
Hunts Point Playground,"Spofford Avenue, Hunts Point Avenue, Faile Street",Yes,No,Bronx
Inwood Hill Park (Nature Center),Gaelic Field and Area around Salt Marsh West of Indian Road (at 218th Street),Yes,No,Manhattan
Inwood Hill Park (Payson Playground),Payson & Dyckman streets,Yes,No,Manhattan
Inwood Hill Park (Tennis Courts),Tennis courts & ballfields along Seaman Avenue from 207th Street to 214th Street,Yes,No,Manhattan
J. Hood Wright Park,"Ft. Washington & Haven avenues, West 173 Street",Yes,Yes,Manhattan
J.J. Byrne Memorial Park,"3 to 4 streets, 4 to 5 avenues",Yes,No,Brooklyn
Jackie Robinson Park,Malcolm X Boulevard between Chauncey and Marion streets,Yes,Yes,Brooklyn
Jackie Robinson Park,West 149 Street & Bradhurst Avenue,Yes,No,Manhattan
Jackie Robinson Park (Playground One Fifty Two CLII),West 152 Street & Bradhurst Avenue,Yes,No,Manhattan
Jackie Robinson Park (Recreation Center),"Bradhurst & Edgecombe avenues,West 145 to West 155 streets",Yes,Yes,Manhattan
Jackie Robinson Playground,"Sullivan Place & Franklin Avenue, Montgomery Street",Yes,No,Brooklyn
Jacob Schiff Playground (PS 192),"Amsterdam Avenue, West 136 Street",Yes,No,Manhattan
James J. Walker Park (Carmine Recreation Center),"Hudson, Leroy, Clarkson Streets, 7 Avenue",Yes,No,Manhattan
Jesse Owens Playground,Stuyvesant & Lafayette avenues,Yes,Yes,Brooklyn
John Golden Park,"215 Place, south of 32 Avenue",No,Yes,Queens
John J. Carty Park,"Fort Hamilton Parkway, 94-95 streets",Yes,No,Brooklyn
John Jay Park & Pool,East 76-East 78 streets & Cherokee Place,Yes,No,Manhattan
John Paul Jones Park,"Shore Parkway, Fort Hamilton Parkway, 101 Street",Yes,No,Brooklyn
Joline Pool Playground (Modular Equipment),"Joline Avenue, Hylan Boulevard",No,Yes,Staten Island
Joline Pool Playground (Modular Equipment),"Joline Avenue, Hylan Boulevard",No,No,Staten Island
Joseph Austin Playground,Grand Central Parkway & 164 Place,Yes,No,Queens
Joseph F. Mafera Park,65 Place & Catalpa Avenue & 68 Avenue,Yes,No,Queens
Julio Carballo Field,"Lafayette Avenue, Manda Street",Yes,No,Bronx
Juniper Valley Park,Lutheran Avenue; North and South Juniper boulevards; and the pathway from 76th Street on north end to 75th Street on south end,Yes,Yes,Queens
Juniper Valley Park (North Playground Tennis),62nd Avenue & 80th Street,Yes,No,Queens
K.L. Williams Playground (Tennis),"Liberty Avenue, 172-173 streets",Yes,No,Queens
Kaiser Park,"South of Gravesend Bay, southeast of Path, northeast of Neptune Avenue",Yes,No,Brooklyn
Katzman Playground,Yellowstone Boulevard between 68 Avenue & 68 Road,Yes,No,Queens
Kennedy King Playground,East 93 Street & Lenox Road,Yes,No,Brooklyn
Kennedy Playground,Corp. Kennedy Street & 33 Avenue,Yes,No,Queens
Kissena Corridor East (Underhill Playground),Peck Avenue & 188 Street,Yes,No,Queens
Kissena Park,"Oak Avenue, 104th Street, & Kissena Lake Area",Yes,No,Queens
Kissena Park (Tennis Courts),Rose & Oak avenues,Yes,No,Queens
La Guardia Playground West,"Havemeyer, Roebling streets & South 4",Yes,No,Brooklyn
Lawerence Virgilio Playground,39 Drive & 54 Street,Yes,Yes,Queens
Leif Ericson Park & Square,CLF behind CS adjacent to 5th Avenue to 7th Avenue(Highway) between 66th and 67th Street,Yes,No,Brooklyn
Levy Playground,Jewett & Castleton avenues,Yes,No,Staten Island
Liberty Pool,173rd Street and 106th Avenue,No,Yes,Queens
Lincoln Terrace Park,Buffalo Avenue/Protal Street/New York Avenue,Yes,No,Brooklyn
Lincoln Terrace Park (Arthur S. Somers Playground),"East New York, Rochester avenues, Eastern Parkway,Buffalo Avenue",Yes,No,Brooklyn
Linden Park,"Stanley Avenue, Linden Boulevard",Yes,No,Brooklyn
Linden Park,104 Street & 41 Avenue,Yes,No,Queens
Lindower Park,"Mill & Strickland avenues, 60 Street",Yes,No,Brooklyn
Little Flower Playground,Madison Street opposite Jefferson Street,No,Yes,Manhattan
London Planetree Playground,"88 Street, Atlantic-95 avenues",Yes,No,Queens
Loreto Park Playground,"Morris Park Avenue, Haight Avenue, Tomlinson Avenue, Van Nest Avenue",Yes,No,Bronx
Loring Field,North Conduit & 149 Avenue,Yes,No,Queens
Lost Battalion Hall,Queens Boulevard between 62 Avenue & 62 Road,Yes,No,Queens
Lou Lodati Playground,Skillman Avenue & 43 Street,Yes,No,Queens
Louis Armstrong Playground (PS 143),37 Avenue between 112 & 113 streets,No,Yes,Queens
Louis Pasteur Park,248 Street & 51 Avenue,Yes,No,Queens
Lozada Playground,"East 135 Street, Willis Avenue, Alexander Avenue",Yes,No,Bronx
Luna Park Playground,West 12 Street & Surf Avenue,Yes,No,Brooklyn
Lyons Pool,"Pier 6, Victory Boulevard",No,Yes,Staten Island
Macombs Dam Park,East 161th Street & Ruppert Place,Yes,No,Bronx
Magenta Playground,"Olinville Avenue, Rosewood Street",Yes,Yes,Bronx
Mahoney Playground,Beechwood & Cleveland avenues,Yes,No,Staten Island
Mapes Pool,"East 180 Street, Mapes & Prospect avenues",Yes,No,Bronx
Maple Playground,Kissena Boulevard & Maple Avenue,No,Yes,Queens
Marble Hill Playground,"Marble Hill Avenue, West 230 Street, West 228 Street",No,No,Bronx
Marc's & Jason's Playground,Sterling Street & Empire Boulevard,Yes,No,Brooklyn
Marconi Park,109 Avenue & 155 Street,Yes,No,Queens
Marcus Garvey Park (Pelham Fritz Recreation Center),18 Mount Morris Park West,Yes,No,Manhattan
Marcus Garvey Park (Pool),"Madison Avenue, East 120 to East 124 streets",No,No,Manhattan
Maria Hernandez Park,"Knickerbocker to Irving avenues, Starr to Suydam Streets",Yes,No,Brooklyn
Marie Curie Park (JHS 158),"211 & Oceana streets, 46 Avenue",Yes,No,Queens
Marine Park,Burnett Street between Avenue U and Avenue X/west of East 33rd Street,Yes,No,Brooklyn
Marine Park Nature Center,East 33rd Street and Avenue U,No,Yes,Brooklyn
Marion-Hopkinson Playground,Hopkinson Avenue & Marion Street,Yes,No,Brooklyn
Markham Playground,"Willowbrook Parkway, Forest Avenue & Houston Street",Yes,Yes,Staten Island
Martin Luther King Houses,"Lenox Avenue, West 113 to West 114 streets",Yes,No,Manhattan
Martinez Playground,"Scholes Street, Graham Avenue",Yes,No,Brooklyn
Mathew Muliner Playground,"Delancy Place, Muliner Avenue, Matthews Avenue",Yes,Yes,Bronx
Maurice A. Fitzgerald Playground,Atlantic Avenue & 106 Street,Yes,No,Queens
Maurice Park,"Maurice, Borden, 54 avenues, 63 Street",Yes,No,Queens
May Matthews Playground,West 45 Street between 9 & 10 avenues,Yes,No,Manhattan
Mazzei Playground,"Mace Avenue, Williamsbridge Road",Yes,No,Bronx
McCaffrey Playground,"West 43 Street, 8 & 9 avenues",Yes,No,Manhattan
McCarren Park,12th Street/Driggs Avenue/Lorimer Street/Bedford Avenue,Yes,No,Brooklyn
McDonald Playground,"Mcdonald Avenue, between avenues S & T",Yes,No,Brooklyn
McDonald Playground,"Forest Avenue, Myrtle Avenue between Broadway & Burgher",Yes,No,Staten Island
McKinley Park,"Fort Hamilton Parkway, 73 to 78 streets, 7 Avenue",Yes,No,Brooklyn
McKinley Playground,"Avenue A, East 3-East 4 streets",No,No,Manhattan
McLaughlin Park,"Tillary Street, Jay Street, Cathedral Place, Bridge Street",Yes,No,Brooklyn
Mellett Playground,Avenue V between East 13 & East 14 streets,Yes,No,Brooklyn
Metropolitan Pool,Southeast corner of Bedford & Metropolitan avenues,Yes,No,Brooklyn
Michaelis-Bayswater Park,"Beach Channel Drive, B 32 Street, Dwight Avenue, Norton Avenue",Yes,Yes,Queens
Midland Beach & Boardwalk,"Natural Area and Boardwalk from Sands Lane to Vulcan Street, East of Father Capodanno Boulevard",Yes,Yes,Staten Island
Midland Field,Midland Avenue & Mason Avenue,No,Yes,Staten Island
Midland Playground,Lincoln & Mason avenues,Yes,No,Staten Island
Millbrook Playground,"East 135 Street, Cypress Avenue",Yes,Yes,Bronx
Monsignor Mcgolrick Park,"Driggs to Nassau avenues, Russell to Monitor streets",Yes,No,Brooklyn
Montbellier Park,Springfield Boulevard & 139 Avenue,No,No,Queens
Morningside Park,West 123 Street & Morningside Avenue,Yes,Yes,Manhattan
Morningside Park,"Athletic Fields and Lawns from 114th Street to 110th Street along Manhattan Avenue, East of Upper Path",Yes,No,Manhattan
Morningside Playground,West 117 Street & Morningside Avenue,Yes,No,Manhattan
Mosholu Playground (PS 8),"Mosholu Pkwy, Bainbridge Avenue, Briggs Avenue",Yes,No,Bronx
Mott Playground,"Morris Avenue, College Avenue, Mc Clellan Street",Yes,No,Bronx
Msgnr. Kett,West 204 Street & Nagle Avenue,Yes,No,Manhattan
Mt. Prospect Park,"Eastern Parkway, Underhill Avenue",Yes,No,Brooklyn
Mullaly Park (Skate Building),"East 164 Street, Jerome Avenue, Macombs Dam Bridge, East 162 Street, River Avenue",Yes,No,Bronx
Murray Playground,"21 Street, 45 Avenue, 11 Street, 45 Road",No,No,Queens
Nautilus Playground,Merrick & Baisley boulevards,Yes,No,Queens
Nelson Playground,"West 166 Street, Nelson Avenue, Woodycrest Avenue",Yes,No,Bronx
Newport Playground,Newport Avenue & Osborn Street,Yes,No,Brooklyn
Noble Playground,"Nobel Avenue, Bronx River Avenue, Bronx River Parkway, Cross Bronx Expressway",No,No,Bronx
Noonan Playground,"Greenpoint & 47 avenues, 43 Street",Yes,No,Queens
North Rochdale Playground (PS 30),Baisley Boulevard & Bedell Street,Yes,No,Queens
Nostrand Playground,Nostrand & Foster avenues,Yes,No,Brooklyn
Ocean Hill Playground,"Bergen Street, Rockaway Avenue, Dean Street",Yes,No,Brooklyn
Old Town Playground,"Parkinson Avenue, Kramer Street",Yes,No,Staten Island
Oracle Playground,Adelphi & Myrtle avenues,Yes,No,Brooklyn
Orchard Beach Pavilion,"Bruckner Boulevard, Eastchester Bay, Hutchinson",Yes,Yes,Bronx
Orchard Beach Pavilion,"Bruckner Boulevard, Eastchester Bay, Hutchinson",No,No,Bronx
Orville & Wilbur Playground,West 156 Street & St. Nicholas Avenue,Yes,No,Manhattan
Osborn Playground,Linden Boulevard & Osborn Street,Yes,No,Brooklyn
Owen Dolen Recreation Center,"Westchester Avenue, Lane Avenue, East Tremont Avenue",Yes,No,Bronx
P.O. Nicholas Demutis Playground,102 Street & Liberty Avenue,Yes,No,Queens
P.O. Serrano Playground,"Turnbull Avenue, Olmstead Avenue, Lafayette Avenue",Yes,No,Bronx
Paerdegat Park,"Foster Avenue, East 40-41 streets",Yes,No,Brooklyn
Painters Playground (PS 174),Alderton Street from Dieterle to Elwell Crescents,Yes,No,Queens
Park Slope Playground,Berkeley Street & Lincoln Place,Yes,No,Brooklyn
Parkside Playground,"Arnow Avenue, Adee Avenue, Olinville Avenue",Yes,Yes,Bronx
Parkside Playground,"Parkside, Bedford & Rogers avenues",Yes,No,Brooklyn
Pat Perlato Playground,Falmouth Street & Oriental Avenue,Yes,No,Brooklyn
Paul W. Kolbert Park/Rachel Haber Cohen Playground,"Avenue L, East 17 to East 18 streets",Yes,No,Brooklyn
Pelham Bay Park (Bruckner Boulevard and Wilkinson Avenue),"Bruckner Boulevard, Eastchester Bay, Hutchinson",Yes,No,Bronx
Pelham Bay Park (Bruckner CS),"Bruckner Boulevard, Eastchester Bay, Hutchinson",Yes,No,Bronx
Pelham Bay Park (Hunter Island Picnic Area),"Bruckner Boulevard, Eastchester Bay, Hutchinson",Yes,Yes,Bronx
Pelham Bay Park (Playground for All Children),Bruckner Expressway & Buhre Avenue,Yes,Yes,Bronx
Pelham South Park Headquarters,"Bruckner Boulevard, Eastchester Bay, Hutchinson",Yes,No,Bronx
People's Park Playground,"Brook Avenue, East 141 Street",Yes,No,Bronx
Peter's Field,183 Place & Henderson Avenue,Yes,No,Queens
PFC Thomas Norton Memorial Playground,Nostrand Avenue & Marine Parkway,Yes,No,Brooklyn
Pierrepont Playground,"Furman Street, Pierrepont Place",Yes,No,Brooklyn
Pink Playground,Stanley Avenue & Eldert Lane,Yes,No,Brooklyn
Playground 62 (PS 220),Yellowstone Boulevard between 62 Avenue & 62 Road,Yes,No,Queens
Playground 70,West End Avenue & West 70 Street,Yes,Yes,Manhattan
Playground 90/PS 148 Playground,Northern Boulevard & 90 Street,Yes,No,Queens
Playground Fifty-Two,"Kelly Street, St. John's Avenue, Beck Street",Yes,No,Bronx
Playground Ninety Six (XCVI),"2 Avenue, East 96 to East 97 streets",Yes,No,Manhattan
Playground Seventy-Five (PS 154),160 Street & 75 Avenue,Yes,No,Queens
Police Officer Reinaldo Salgado Playground,Madison Street & Patchen Avenue,Yes,No,Brooklyn
Poor Richard's Playground,East 109 Street between 2 & 3 avenues,Yes,No,Manhattan
Potomac Playground,Tompkins Avenue & Halsey Street,Yes,No,Brooklyn
Pratt Playground,"Willoughby Avenue, Emerson Place",Yes,No,Brooklyn
Prescott Playground,Hylan Boulevard & Huguenot Avenue,Yes,No,Staten Island
Prospect Park (East Parade Grounds),Argyle Road/Parade Place./Parkside Avenue/Caton Avenue,Yes,No,Brooklyn
Prospect Park (Litchfield Villa),Prospect Park West/3rd Street/7th Street,Yes,No,Brooklyn
Prospect Park (Middle Long Meadow),Picnic House,Yes,Yes,Brooklyn
Prospect Park (The Bandshell),Prospect Park West/7th Street/15th Street,Yes,Yes,Brooklyn
Prospect Park (West Parade Grounds),Coney Island Avenue/Arglye Road/Parkside Avenue/Caton Avenue,Yes,No,Brooklyn
Prospect Park (Willink Hill),Lincoln Road/Ocean Avenue/Willink Entrance/East Lake Drive,Yes,No,Brooklyn
Prospect Park (Willink Hill),Lincoln Road/Ocean Avenue/Willink Entrance/East Lake Drive,No,No,Brooklyn
Prospect Park (Wollman Rink & Flower Garden),Prospect Lake/East Lake Drive/south of Breeze Hill/Parking Lot,No,No,Brooklyn
PS 1 Playground,"46 & 47 streets, 3 Avenue",Yes,No,Brooklyn
PS 155 Playground,"East 117 to East 118 streets, 1 to 2 avenues",Yes,No,Manhattan
PS 286 Playground,"Avenue Y, between Brown & Haring streets",Yes,Yes,Brooklyn
PS 59 Sumner Playground,"Throop, Park, Mytrle avenues",Yes,No,Brooklyn
Quarry Ballfields,"Quarry Road, East 181 Street, Oak Place & Hughes Avenue",No,Yes,Bronx
Queens Farm Museum,"Little Neck Parkway, Commonwealth Boulevard, south of Grand Central Parkway",Yes,No,Queens
Queensbridge Park,"21 Street, Bridge Plaza, Vernon Boulevard, East River",Yes,No,Queens
Railroad Playground,Ditmas Avenue between East 91 & East 92 streets,Yes,Yes,Brooklyn
Rainey Park,"Dawson Street, Beck Street, Kelly Street, Intervale Avenue, Longwood Avenue",No,No,Bronx
Rainey Park,"Vernon Boulevard, 33 Road, 34 Street, East River",Yes,No,Queens
Randall Playground,"Randall Avenue, Castle Hill Avenue",No,No,Bronx
Rappaport Playground,"52-53 streets, Fort Hamilton Parkway",Yes,No,Brooklyn
Real Good Park (Lie Playground),"LIE, 99 Street & 62 Avenue",Yes,Yes,Queens
Red Hook Park,"Otsego, Bay, Hicks, Lorraine, Court, Halleck streets",No,No,Brooklyn
Red Hook Park,"Columbia and Bay streets, southeast of ""Halleck Street"" Sidewalk and northeast of ""Henry Street"" Sidewalk",Yes,No,Brooklyn
Red Hook Park (Coffey Park Playground),"King, Richards, & Dwight Streets",Yes,No,Brooklyn
Red Hook Park (Recreation Center),"Otsego, Bay, Hicks, Lorraine, Court, Halleck streets",Yes,No,Brooklyn
Reiff Playground,"Fresh Pond Road, 63 Street, 59 Drive",Yes,No,Queens
Renaissance Playground,"West 144 Street, between 7 & 8 avenues",Yes,No,Manhattan
Rev. Polite Playground,"Rev. James Polite Avenue, Intervale Avenue, East 167 Street",Yes,No,Bronx
Richman (Echo) Park Playground,"East 178 Street & Ryer Avenue, Upper Level",Yes,Yes,Bronx
Rienzi Playground,"East 226 Street, Barnes Avenue, East 225 Street",Yes,No,Bronx
Riverbend Playground,"Bailey Avenue, West Kingsbridge Road",Yes,Yes,Bronx
Riverside Park (Boat Basin),"Riverside Drive to Hudson River, West 59th Street to Clair Place",No,No,Manhattan
Riverside Park (Café),"105th Street, next to Henry Hudson Parkway",No,Yes,Manhattan
Riverside Park (Claremont),West 124 Street & Riverside Drive,Yes,No,Manhattan
Riverside Park (Classic Playground),72nd to 79th streets between Hudson River and Henry Hudson Parkway,Yes,No,Manhattan
Riverside Park (Dinosaur Playground),West 97 Street & Riverside Drive,Yes,No,Manhattan
Riverside Park (Hippo Playground),West 91 Street & Riverside Drive,Yes,No,Manhattan
Riverside Park (Neufeld Playground),West 76 Street & Riverside Drive,Yes,No,Manhattan
Riverside Park (River Run Playground),West 83 Street & Riverside Drive,Yes,No,Manhattan
Riverside Park (Riverbank Playground),West 142 Street & Riverside Drive,Yes,No,Manhattan
Riverside Park (Ten Mile River Playground),West 148 Street & Hudson River,No,No,Manhattan
Riverside Park (Tennis Courts),Riverside Drive & West 96th Street,Yes,No,Manhattan
Robert Moses Playground,"1 Avenue, East 41 to East 42 streets",Yes,No,Manhattan
Rochdale Park,"Guy Brewer Boulevard, 134 Avenue",Yes,No,Queens
Rockaway Beach,Between 87th Street and 100th Street,No,No,Queens
Rockaway Beach,Between 100th Street and 110th Street,No,No,Queens
Rockaway Beach (Beach 116Th),Between 110th and 121st streets,Yes,No,Queens
Rockaway Beach & Boardwalk (Beach 59th Street Playground),Boardwalk & Beach 59-60 streets,Yes,No,Queens
Rockaway Beach 106 Comfort Station,Beach 106 Street,No,Yes,Queens
Rockaway Beach 117th L/G,Beach 117 Street,No,Yes,Queens
Rockaway Beach 86 Comfort Station,Beach 86 Street,No,Yes,Queens
Rockaway Beach 97 Comfort Station,Beach 97 Street,No,Yes,Queens
Rodney Playground South,"Rodney, South 3 & South 4 streets",Yes,No,Brooklyn
Roebling Playground,"Wilson & Lee avenues, Taylor Street",Yes,No,Brooklyn
Roger Morris Park (Morris Jumel Mansion),"Jumel Terrace to Edgecombe Avenue, West 160 to West 162 streets",Yes,No,Manhattan
Rolf Henry Playground,New York & Clarkson avenues,Yes,No,Brooklyn
Rose Hill Park,"Webster Avenue, Harlem River, East Fordham Road",Yes,No,Bronx
Rosemary's Playground (JHS 93),"Woodward Avenue, Woodbine Street, Fairview Avenue",Yes,No,Queens
Roy Wilkins Recreation Center,Northwest of fence running from 118th Road to hospital,Yes,No,Queens
Roy Wilkins Recreation Center,Southeast of fence running from 118th Road to hospital,Yes,No,Queens
Rudd Playground,Aberdeen Street & Bushwick Avenue,Yes,No,Brooklyn
Rufus King Park,"Jamaica Avenue, 153 Street, 89 Avenue, 150 Street",Yes,No,Queens
Russell Pederson Playground,"Colonial Road, 83 to 85 streets",Yes,No,Brooklyn
Russell Sage Playground (JHS 190),"68 Avenue, Booth to Austin streets",Yes,No,Queens
Sara D. Roosevelt Park,East Houston Street to Canal Street,Yes,Yes,Manhattan
Saratoga Square Park,"Howard Avenue, Halsey, Macon streets",Yes,No,Brooklyn
Schmul Park,"Wild Avenue, Pearson Street",Yes,No,Staten Island
Seaside Playground (PS 225),"Rockaway Beach Boulevard, B109-B110 streets",Yes,No,Queens
Seth Low Playground,"Avenue P, Bay Parkway, West 12 Street",Yes,No,Brooklyn
Seton Park,"West 135 Street, Independence Avenue, West 232 Street",Yes,No,Bronx
Seton Park Playground,West 235 Street & Douglas Avenue,No,No,Bronx
Sheltering Arms Park,"West 129 Street, Amsterdam Avenue",Yes,No,Manhattan
Sheltering Arms Park (Pool),"West 129 Street, Amsterdam Avenue",No,No,Manhattan
Shore Road Park,Owl's Head Park to Fort Hamilton Parkway Narrows Avenue,Yes,No,Brooklyn
Shore Road Park,72nd Street to Harbor View,Yes,No,Brooklyn
Shore Road Park,"92nd Street to 4 Avenue - lower half, by expressway",Yes,No,Brooklyn
Shore Road Park,"92nd Street to 4 Avenue - upper half, by road",No,No,Brooklyn
Silver Lake Park,"Victory Boulevard, Clove Road, Forest Avenue",Yes,No,Staten Island
Slattery Playground,"East 183 Street, Ryer Avenue, Valentine Avenue",Yes,No,Bronx
Slope Park,6 Avenue Bet 18 & 19 Sts,Yes,No,Brooklyn
Smokey Oval,125 Street & Atlantic Avenue,Yes,No,Queens
Sol Bloom Playground,"Columbus Avenue, West 91 to West 92 streets, Central Park West",Yes,No,Manhattan
Sol Lain Playground,"Broadway, Henry Street, Samuel Dickstein Place",No,No,Manhattan
Soundview Park Playground,Metcalf Avenue between Seward and Randall avenues,No,No,Bronx
South Beach,"Natural Area and Boardwalk from Sands Lane to Vulcan Street, East of Father Capodanno Boulevard",Yes,No,Staten Island
South Beach (Saturn Playground),"Natural Area and Boardwalk from Sands Lane to Vulcan Street, East of Father Capodanno Boulevard",Yes,Yes,Staten Island
South Beach Wetlands,Quintard St Bet. Quincy Ave & Father Capodanno Blvd,No,Yes,Staten Island
Space Time Playground,"Streetory Avenue, Bolton Avenue, Lafayette Avenue, Underhill Avenue",No,No,Bronx
Sperandeo Brothers Playground,Atlantic Avenue & Elton Street,Yes,No,Brooklyn
Springfield Park,"149 Avenue, Springfield Boulevard, 145 Road, 148 Street",Yes,No,Queens
St Nicholas Park South,West 129 & 7 Avenue,Yes,No,Manhattan
St. Albans Park (174 Street Playground),174 Street & 113 Avenue,Yes,No,Queens
St. Andrew's Playground,Atlantic Avenue & Herkimer Street,Yes,No,Brooklyn
St. Catherine's Park,"East 67-68 streets, 1 Avenue",Yes,No,Manhattan
St. Mary's Park (Recreation Center),450 St. Ann's Avenue,Yes,Yes,Bronx
St. Mary's Park West,St. Anns Avenue & East 147 Street,Yes,No,Bronx
St. Mary's Playground East Playground,Jackson Avenue between East 144 and 145 streets,Yes,Yes,Bronx
St. Nicholas Park,West 133 Street & St. Nicholas Avenue,Yes,No,Manhattan
St. Nicholas Park,West 129 Street & St. Nicholas Terrace,Yes,No,Manhattan
St. Nicholas Park (Arlington Edinboro Playground),West 140 Street & St. Nicholas Avenue,Yes,No,Manhattan
St. Vartan Park,"East 35-East 36 streets, between 1 & 2 avenues",Yes,Yes,Manhattan
Stanley Isaacs,East 96-97 streets & FDR Drive,Yes,Yes,Manhattan
Stapleton Playground,Tompkins Avenue & Broad Street,Yes,Yes,Staten Island
Star Spangled Banner Playground,Franklin & Willoughby avenues,Yes,No,Brooklyn
Stars & Stripes Playground,"Baychester Avenue, Crawford Avenue",Yes,No,Bronx
Sternberg Park,"Montrose Avenue, Boerum, Lorimer, Leonard streets",Yes,Yes,Brooklyn
Stockton Playground,Marcy & Park avenues,Yes,No,Brooklyn
Stroud Playground,Classon Avenue & Sterling Place,Yes,No,Brooklyn
Sunset Park,"41 to 44 streets, 5 to 7 avenues",Yes,No,Brooklyn
Sunset Park (Recreation Center),"41 to 44 streets, 5 to 7 avenues",Yes,No,Brooklyn
Surf Playground,West 27 Street & Surf Avenue,Yes,No,Brooklyn
Tall Oak Playground,"64 Avenue, 218 & 219 streets",Yes,No,Queens
Taylor Playground,"Guerlain Street, Thieriot Avenue, Taylor Avenue",Yes,No,Bronx
Tecumseh Playground,West 77 Street & Amsterdam Avenue,Yes,No,Manhattan
Terrace Playground,Howard Avenue & Martha Street,Yes,Yes,Staten Island
The Pearly Gates,"Tratman Avenue, Street Peter's Avenue",Yes,No,Bronx
Thomas Jefferson Park,"1 Avenue to FDR Drive, East 111 to East 114 streets",Yes,No,Manhattan
Tiffany Playground,"Tiffany Street, Fox Street, East 167 Street",Yes,No,Bronx
Tiger Playground,Evergreen Avenue & Eldert Street,Yes,Yes,Brooklyn
Tilden Playground,"Tilden Avenue, East 48 to East 49 streets",Yes,No,Brooklyn
Todt Hill Playground,Schmidts Lane & Manor Road,Yes,Yes,Staten Island
Tompkins Square Park,"Avenues A to B, East 7 to East 10 streets",Yes,Yes,Manhattan
Tremont Park Playground,Corner of East 175 Street & Arthur Avenue,Yes,No,Bronx
Triborough Bridge Playground A,"Hoyt Avenue, 19 to 21 streets",Yes,No,Queens
Triborough Bridge Playground B,"Hoyt Avenue, 21 to 23 streets",No,No,Queens
Underhill Playground,Underhill Avenue & Prospect Place,Yes,No,Brooklyn
Underwood Park,Lafayette & Waverly avenues,Yes,Yes,Brooklyn
Union Playground (PS 214),Union Street & 31 Road,Yes,No,Queens
Union Square Park,"Broadway to 4 Avenue, East 14 Street to East 17 streets",Yes,No,Manhattan
Van Cortlandt Park (Allen Shandler Recreation Area),"Broadway, Jerome Avenue, City Line, Van Cortlandt Park South",Yes,No,Bronx
Van Cortlandt Park (Classic Playground),Van Cortlandt Park South and Gouverneur Avenue,Yes,No,Bronx
Van Cortlandt Park (Indian Field),"Broadway, Jerome Avenue, City Line, Van Cortlandt Park South",Yes,Yes,Bronx
Van Cortlandt Park (Nature Center),West 239 Street & Van Cortlandt East,Yes,No,Bronx
Van Cortlandt Park (Pool Building),West 242nd Street & Broadway,Yes,No,Bronx
Van Cortlandt Park (Stables Area),Broadway and West 254th Street,Yes,No,Bronx
Van Cortlandt Park (Stadium),"Broadway, Jerome Avenue, City Line, Van Cortlandt Park South",Yes,No,Bronx
Van Cortlandt Park (UC Pool Headquarters),"Broadway, Jerome Avenue, City Line, Van Cortlandt Park South",Yes,No,Bronx
Van Cortlandt Park (UC Pool Men's Locker),West 242nd Street & Broadway,Yes,No,Bronx
Van Cortlandt Park (Woodlawn Playground),West 239 Street & Van Cortlandt East,Yes,No,Bronx
Van Voorhees Lower Park,"Congress, Columbia, West/South BQE",Yes,Yes,Brooklyn
Vesuvio Playground,Spring & Thompson streets,Yes,Yes,Manhattan
Vidalia Park,Vyse & Daly avenues between West 179-180 streets,No,Yes,Bronx
Vinmont Veteran Playground,"Mosholu Avenue, West 254 Street, Riverdale Avenue, West 256 Street",Yes,Yes,Bronx
Virginia Playground,"Virginia Avenue, McGraw Avenue, Cross Bronx Expressway, White Plains Road",No,No,Bronx
Vleigh Place Playground,Vleigh Place & 141 Street,Yes,Yes,Queens
Vleigh Playground (PS 165),70 Road to 71 Avenue,Yes,No,Queens
Wagner Pool,East 124 Street between 1 & 2 Avenues,No,No,Manhattan
Wakefield Playground,"Matilda Avenue, East 239 Street, Carpenter Avenue",Yes,No,Bronx
Washington Hall Playground,"Park, Washington avenues to Hall Street",Yes,Yes,Brooklyn
Washington Square Park Western Half,"5 Avenue, Waverly Place, West 4 & MacDougal streets.",Yes,No,Manhattan
Watson Gleason Playground,"Gleason Avenue, Rosedale Avenue, Watson Avenue, Nobel Avenue",Yes,No,Bronx
Wayanda Park,Robard Lane & 217 Street,Yes,No,Queens
Webster Playground,E. 188 St. Bet. Webster Ave. And Park Ave.,No,Yes,Bronx
Weeping Beech Park,37 Avenue & Bowne Street,Yes,No,Queens
West 2nd Street Comfort Station,W. 2nd Street,No,No,Brooklyn
West 59th Street Recreation Center & Pool,"West 59 to West 60 streets, Amsterdam to West End avenues",Yes,No,Manhattan
West 8nd Street CS,W 8 St.,No,No,Brooklyn
Whitestone Playground (PS 193),12 Avenue & 153 Street,Yes,No,Queens
William E. Kelly Memorial Park,"Avenue S, East 14 & East 15 streets",Yes,No,Brooklyn
William Sheridan Playground,"Wythe Avenue, Berry & Grand streets",Yes,No,Brooklyn
Williamsbridge Oval,"Reservoir Oval East, Reservoir Oval West, Reservoir Place, Putnam Place, Bainbridge Avenue, Wayne Avenue, Tryon Avenue, Holt Place, Van Cortlandt Avenue",Yes,No,Bronx
Willis Playground,"East 139 Street, East 140 Street, Willis & Alexander avenues",Yes,No,Bronx
Willoughby Playground,Tompkins & Willoughby avenues,Yes,No,Brooklyn
Willow Lake Playground (PS 196),Grand Central Parkway between 71 & 72 avenues,Yes,No,Queens
Willowbrook Park,Richmond Avenue To Victory Boulevard,Yes,No,Staten Island
Wingate Park,Brooklyn Avenue & Rutland Road,Yes,No,Brooklyn
Woods Playground,Bergen Street & Utica Avenue,Yes,No,Brooklyn
Woodtree Playground,"20 Avenue, 37 Street, 38 Street",Yes,No,Queens
Yak Playground,Avenue Y between Coyle & Batchelder streets,Yes,Yes,Brooklyn
Zimmerman Playground,"Britton Street, Barker Avenue, Olinville Avenue",No,No,Bronx
